3e3c60acac4462eecc8d2e47d96c0be02491cc39	e9df9d9aa706023a2808029b2d68fecc44ed6199	item8: record authorized continuation and inventory scope
1d40d69d11094e92506104441c073664187e1a6a	f6fb9e3379df7928bfed3422812d7845ceb3a263	item8: capture frozen runtime registries with infrastructure safeguards
10f1231d11e71213704ae87a40382eb242856e9d	261f94ca3ceb0bceb912a8dba346119edd088bc5	item8: extract packaged JSON and share the NBT decoder
80cc710fbc97196513a48c8dc9f7a4b9c5b74437	fda2644f8813186b37dab0d43e8cb034e99012ba	item8: capture template contents and deliver runtime registry evidence
3cbc1bbd30ec52ee1eccc2600a226db106d20f7d	d01c96740e5af05b01db943c4481b1609267db19	item8: join source variants and redact authored identities
1d50b19f582fe3c82a9c91dc7c878d4b03f27887	99f6993a7ebf4091a69612b0a1e5a43893c1442d	item8: trace custom pools and select frozen Moog templates
8a77051774d60a576ef3abff495e0a55d7a7b01c	565cbb661331f8bb7c6acf4658ba41b9841cd756	item8: capture resource-pack metadata and stopped-world context
111e1b91998e5928eea31d399cf9b1455d44b288	74ba1a08669c0c058c354c622106451786547ce1	item8: resolve resource precedence and trace selected start pools
9f4915f914c26daed394362aaca9d86e88832d51	66d5b7fb01a0fd0b1046f875422fdf30c9a576d7	item8: decode observed structure bounds from four-seed worlds
a31487af5eeff8d064fde04a884aa4a878007133	1cf8fe4cc35273e5753251afa575bfe150dcae78	item8: resolve Trial Chamber alias targets
8bf01401ea2ab775f2e88c5d6f9a5ae79ef4c48f	ad6a88264bb8c2fdc2dc9ead013b703b1b590234	item8: establish Better Mineshafts generation and vanilla suppression
d8dd45c1fdd7aaa0ee8042edd76bb6ab16d8f757	2d15403f0b1fcf7df3593dd9faa353d4b3552581	item8: resolve registry-filtered biome tags and structure constraints
0e9493c4a2430638921fbd1166366926fc908c0c	da87d919a02bef36b8a7413661a1e4151af87ce4	item8: resolve dynamic biome tags and runtime pack precedence
2f84cb6b3236b9e5648ce12463dc89c5b2c9c17f	e6905ce784edc6863cb1641988ca1c106cdde57d	item8: attribute reachable template entity and loot contents
5d4d429618ab0249774ab84b52116f89812a5cf4	4608938efd766e0f763ff42c42f879e548720993	item8: assemble the initial family inventory with explicit gaps
d00d7b8af8c0df49002ce4efd79d2b8a2bf04b05	3236ce9782657fad4d62a4f2bc1b29b254037e58	item8: integrate Mineshafts attributes and Seven Seas identities
ca90a58e4ffcb1d87b3b3a0fff28fe67bf715038	25b8e8f90832df2d96437f39c5bd914c9fed0844	item8: resolve vessel content and Integrated Stronghold components
f284457419c4334f4736311c5d7118e96be97f46	2b9c207e1599229eacc2cdefd90f155297629bd7	item8: integrate village roots and preserve registry capture custody
21f85b32941ce82c206f497453b809b32475cd0d	531a2dd4b1816ba378acc78be2db58b1f541aee7	item8: enumerate WDA canonical roots
a3cab76238dd5bb17c99a37858e828450490eda4	8ff59c0da60c7a2a30c92f798887f6b18b706edc	item8: integrate shared loot and authored entity attribution
e0c06142a194b0c10cbb377729363225b2cb64eb	b5c087b1d9a1899c6ecae5e003e4ad3a4cee727c	item8: attribute spawner sources and Explorations roots
64fb5342592d5c78bba3c79cff720145bff06308	b30737cbea2d3a004ae2bfebc61e8c9b3640e0ae	item8: reconcile Explorify design and biome variants
9a448a94da04b9af529c3c4bc73aa9dc55a8f3ca	068527b00dc8a07fe2d29f91f1e1fb3b141793c5	item8: attribute YUNG custom dungeons and Moog End roots
9569a2a9aff20062bb790becea9a0f74240b8298	d83bb15a9360d6941007e74a8eb2c47ddf379243	item8: reconcile Mega Ship and Soaring structure variants
d5e8c158174a96a988d13be3e35cf7e929d01e24	daf0846cd9b5331c4419f3a7905868d9ec461b27	item8: reconcile Nether variants and shared generator behavior
2b478878e01660c3d55070a305fa4efba4715b0f	2fc49d06de718bbae1880b7dc4f05030fe5aa89b	item8: publish qualified observed layout dimensions
dc95a331a2c9a0f932bd9450918283b7dbb4d050	e73cb18c079e255a0ca3086ce753d496b4f86451	item8: finish Nether registry assignment
d22e2c6142bc35f7d3f587d8cf0250ddc1dfa261	e8f96ecb0c75ff229987ff8ae7ffe0f4caab5928	item8: reconcile Voyager variants and complete registry assignment
3b4ebd25c7773448dbda0ab4eba4c2fa3d55249c	13a664ca254025c981a266fd632b5940ffce9e7b	item8: reconcile Repurposed structure variants
c1386fb0cbd217e4ad4009c2092dd63d67eb4ce1	d29e09dbf2c964feedc6560d8bbe790916bcc6d6	item8: reconcile CTOV outpost variants
e15b9635b149b82a79ade8622053bc4cca7feaca	f0db2a728eadc6ec31e190f8081b04917d357cde	item8: reconcile Towns and Towers designs
bd055381ec5f628855714c1344e158141228fc21	98ab8dd7e7a18d196dd2c5d8cb8c86c0642bf9cc	item8: assign IDAS roots and generation conditions
f188da4b7b87bb8445df6af0a9d7297ca16eafa0	975eb681e3a3bcaadec4e8ce0ef560699b781cdf	item8: reconcile AdoraBuild design variants
786c11f0c3420cf55ef0e1c2e3db020f8421134b	935951ac698a89014576bbb00125bf943144316a	item8: reconcile Terralith shared designs
c7170f29d37339cfa84541192e9c0857f6cb7d45	943703f65fa94b121780e5590c4f64db9d70ccc0	item8: assign Illager Space and Supplementaries roots
0bbfcd1a4fbebe0705d658ece2a0c25e6fd5968c	b2227248f83aa53a32ae9bb3796f6473bcf7a296	item8: assign Aether and BetterEnd custom roots
681724102ef1793eb499e540754cb40117b4174a	eb254f02847f5cb533d552b0d73ded07fcfa4433	item8: complete runtime registry assignment with vanilla families
3d4f53983f9089dabf9998092c0c4e4c3cff699f	a8c8ff4a124f9abd02040b7ba6b108ae3ccd8222	item8: trace conditional village pool additions
7d674f54386f250dc8645b51b3136211acc1f849	e3f0bc4d87b965e30dfc057eeeaf7517724d6000	item8: attribute Better Village replacements
59c00fcd4f2285e0ce22080491a0d76ffdbc7693	d26056c07e621ad52030d527224cb7d0a263c316	item8: resolve selected Trial Chamber replacement aliases
baa478b4df4d11f36f9545d7688b0b650883c935	ca0e191aafd3e23cf40c8c69955adcdd840611cd	item8: verify pool compilation content preservation
132a39239263604ae2cf26ec3829fa4062cf8a03	d878c6cb254ac810f0a24e1ce033545b0df9ce34	item8: attribute village street processors
1a95001738a679f0d7d342f376e3b7c0cfec2f43	7b5556b67e2453bcd80dd772819cad97b808f826	item8: resolve selected feature and surface modifier contributions
30a13b353f0d6671d4444a066aa6699bdc7e1f42	59813139684cea1ed2eb86d2575d3e598b596241	item8: identify palette-only trial spawners
b9aaa3e11b8f91ff6ab277e6664aca14bf4edd90	294edf2e7a76771f6449f34a92c42fb20d70ce2e	item8: attribute conditional trial-spawner lifecycle contents
510fbc15356a056b631ee4184aee11c6a7ee13eb	dc6c73e32afffff7a53b1e4ade3afaf6f23f92be	item8: attribute End city assembly and marker content
7331be6cb9b2a32cf6c72e01cba91e8f259af23c	8a9ed09e6bf7f0e0f826b751167d8c23277ba8dc	item8: attribute shipwreck variants and chest markers
e71a6fe99c8c81fb62f278a8825672e37e28401a	00bc75e01fdd9250fbd8228552ee8f0391e4c85c	item8: attribute igloo assembly and content
4e3cfe041f38e586953199372bcfc26d8389a2e0	15f266d73bb670433fc0af45326c417c32d5f5f4	item8: capture and integrate live dimension-biome eligibility
772813f0335995134ea9bfb6d3c925d31e2dde0d	4f8408ca837c0c79d2b55765032e104ba338fc2a	item8: attribute Nether fossil generation
a383477011c49374e338eaa57fdba679e2edb913	309603e7f1362acfa1fffa53ceab2861a6335b57	item8: attribute ocean ruin generation
6fb1655883c2c633684472884975c0e1bc5f43bc	e8576619b75ca51b55ab80b11b67f0709515dcdb	item8: attribute ruined portal generation
50fa1411bd1e429aaa7295a49d393a47f2c98606	c9040e292fec2bd543f950e2d4e03b781d983da9	item8: attribute buried treasure direct generation
2831f019f1ab606752bfe5675d2ebb956a1b5f4a	28c175c7f34949fb960f1bce7d4eac433dc3309f	item8: attribute swamp hut generation
436e8650f5bd37ad4683d228cc94e083404d697d	64836ff2fc53ba1579ddd57c6eb1c5d705578c4f	item8: attribute vanilla desert pyramid generation
a997c0d22f3e986bb387667c1a4edf2435bddc02	9beba6f7ff49369b2d7e75645ad5060c8c7e5369	item8: attribute jungle temple generation
90e4159550a9ca8474b56d41991db99787461f78	f3f9bf0695fcfa85b35b740c242c138bf42b23bc	item8: resolve vanilla suppression and tavern component roles
41c79d408a834279170c1a87951a8e3dd3ee922d	d3c204a3c11768840999f13a8307228c991b112e	item8: resolve Integrated generation suppression
bd2fffc6a1f525bfe360aeb43b7c376f4d377ad9	5ba7edf922f5d18f6372ed8cadd7d11f5cb04161	item8: consolidate CTOV settlement designs and attributes
acde30c794699ad42422ce29429cdeed78fc0b71	be3b706f8dd4e1c411806167d0839b108f22b1ea	item8: reconcile Voyager terrain and settlement variants
b6324f0cb361e7bc395ea02863aabbea61523a60	399de07da9adb1e36a3aa21410cee4c514222ba9	item8: attribute BetterEnd lake and mountain generators
9977b3ea2e24d83941153ea2ba09fe133aea9899	3acf8ada7a39620fbf37edb5d144063f81b3f99a	item8: attribute YUNG Bridges feature families
094fdbbc5ea107658a7f9957e660903b5d6147b7	1101ea9fee054ab3a203b489dbf2c5dc20a34592	item8: attribute YUNG Extras and reconcile feature-family records
09fe9770767845d646a1381c1585f39a2ee80c3c	4aae835efc97c9c7b37f9ed0bc4471febe13974e	item8: attribute End Island activation features and saved observations
4ffc6701a7d37c5a43b68583e4cb3a3759a884f5	3367c3b436e5839c085a4566db94c7ad76eb1039	item8: bind End biome feature routes and platform caller
2f948eba5a63d010713d67b7fcf1a151f3be8152	1cf5b90d651c75be0cfa78abd458b3c503e9e01f	item8: attribute Quark spire generation and frozen configuration
305c220082785317de4dee577a2ad428b47cc590	eed60af7801111cc917cb77f0ddb3f6ae1c9f163	item8: attribute Quark fairy ring and fallen log families
c2b30e552c90dc7e2d5efd4e5acf1c6d030a9615	d2e8b8c018b31f1fa7c26a32029f9de43417b574	item8: attribute monster box encounters and bounded observations
e2b41dcba8e34ea8c3004cebb8241b43bc125036	b64301a930a011685ed687e592f8c3813cbba028	item8: reconcile Nether spike and horizontal geometry
63bcdc48b001f0f2823c28f56173cef6f35d4252	23370b70fbd50a92158a01c1740a3793e1f27bc3	item8: dispose Quark underground terrain contributions
1fd491327d03e5029fb62ac5f8cf97fa67ac31b8	d5cc23e35f0aea8b1f518e6cc1b6f4fd0bd338e5	item8: dispose Quark vegetation contributions
09f24cc33e5e8bee2f36bc59fdbfc3d11c72a7a1	1f7d2e766f649885ce417956825301194d845947	item8: dispose Quark stone terrain contributions
28dc02b2700a772915ada83f4e44054c78affcd3	55f2caecb680456cb616a28c59934adad330d219	item8: attribute slime cave components and encounters
c772a3c52f67ba21243138255f0189229dccfa8f	244b28c7a68a2e31121b599301cae32e265949cd	item8: attribute Repurposed mansion assembly and content
3190429e9d5fb91dad352a7762707cb0a7eb24a9	40afd7e52005012bd716a4ee1f72f0198d794712	item8: attribute Repurposed monument assembly and processors
1b20d150ec2c3375af7f50e73e54127f12e5ac02	8de186d0b8101287d219b9c0a860156b0d01a072	item8: attribute Aether cloud contribution
03f03e258b722966bc973a1e8ead12e92e69b56c	e08ee1434a819d33aac27cbe12f9ba0db0da8c6b	item8: attribute Bronze dungeon assembly and traps
4783d5756763c27272141aa518e805d4ce351448	f6a441dd936c5c31649f8420202ca81e4f50d1e7	item8: reconcile Tavern and Chefs Delight component providers
a346716412c570ddf74220de5cae244ab93ae39e	bff109a8532ba0817203c09bebb724274f9e6a4c	item8: establish whole-stack provider census
31bb3214331e1b053da74ec3b4e6735e9d7531da	9dc77a50a8ff222e80cd4b2200148edf564a0a6b	item8: identify remaining nonregistry family candidates
15a03ccea4650b5e6329269986916383e304b090	36dd6eefbf264012ee602bf0c794880e5d9bc359	item8: dispose loot construction and Moog provider boundaries
acd68c4e4a98575891297cfa240db798993b684b	6480f3a09cd960f6e2dd00fe11d49dd3ae20d198	item8: close Chefs Delight provider boundary
c1e1c08f730add7028f85e05d3b384b0d4fb04b4	cea83c76fb90467c6abbfe3d28297a49bd16f0bc	item8: close Village Taverns provider boundary
1c09a19b868035071e7c9c85dfa4063c23b7054b	5203253c06f4915cb5765e954942dce9cf2d0767	item8: close seven seas scope with missing component retained
528b0cd62dcc7bd115e9639e58e86858fef6ca44	528b0cd62dcc7bd115e9639e58e86858fef6ca44	item8: close towns and towers candidate resource scope
83558ededc5057d801a5f67b666f3c812bc01458	1ecc91af387068ff5256aac7c6dea68cdafd9203	item8: close wda provider scope with component failures retained
fdc69feedbe58131b161066a1e1431a8961ca308	fdc69feedbe58131b161066a1e1431a8961ca308	item8: close better village provider coverage from existing evidence
223712c478765a23ebeff2ce87648bafbd663a0d	df0f750fc56c18f7bfb14517eb763b2f94b8a0d0	item8: close yung bridges provider candidate coverage
fde06c59b6b0b5ba17c09ee44f85ea0fcafb4195	1a3c151682648e05f63011b6fa210d8dac3240e4	item8: close yung extras provider candidate coverage
7aa665fde40ebabcf5331608d494feb6f8f37391	bae90ee42ea6296ddc39dc6a7e9a9474288e1d06	item8: close Moog library provider boundary
0d3945e7bbbccbfc210bf51a4c87d13da6f5ce6e	3b02f3f5a7e9cd13b3bb5b4f51a9f4ba3b28799c	item8: close Integrated Stronghold provider boundary
f0de4a9ab515c1abd9ea57e76742e763bf89160d	f9c73273ec94849642111003b478ecb171b4eeb4	item8: close AdoraBuild provider boundary
14280dd1cf1d2b7c58c5d7fa8088c69089af2110	4fea20e0f64a557b4ce14bb36e37e8a849a61bc3	item8: close CTOV provider boundary
4e4662f5b631cad43c1a7be4139cf06682548a34	f0b3a92faa2611af27371d67c7743490af0878ec	item8: close six small utility provider scopes
800cdc5daeb7fe646dfe77a2ea05003c113b349a	865d12c07f3ffc4df7437efbe11144528f43960e	item8: close three shared provider scopes
c3461aad049d6ffb81058fa661416568140a72b9	9c44cb5135924b5654f26e57067f18e1d0428fde	item8: close oceans delight provider scope
b57d505be1955a48fee087af589dd63038fe83f1	bd7770373b24696d6aa9b1a3f9698b317bff5102	item8: close bundle and shield provider scopes
8219d2d297891a44a6a9b2150bf307106e61575c	c31ce65113719390ca17e4f09ed55b818e6f3314	item8: close projectile library provider scope
0ace2d9ae6e93ebf11abb5f41041f015b255bbe0	d22ca568cd8815a2ecb82a20eb64045de408f364	item8: reconcile terralith provider candidates
e9782feee3fd9842066f41dade96be7f0f82b06b	dfadd85245060b340af1305953f2e295af2023c8	item8: reconcile tectonic provider candidates
efa06b4b473e1d35732bd50a1ca512c240004fc2	0f36e77a4e97da2d8482207b4e893c4527d37848	item8: close Explorations provider boundary
a401a7d4102b05f3b7fdbf0b3cee4624c201da9d	95b66148c729f8007eebe12491c114ba8bbf48ea	item8: close Illager Invasion provider boundary
a2e7370b3342c03fb3a148f7c1898c882b7ceb2c	1e23eae4c8649467ec2fa24d0fa39303f51d5555	item8: close save and structure utility boundaries
e1eb8207a4aaeda5117d8964c2dfa22a92f6edec	5f77a89f26fdadcf4ed3bda123997a4e023e9d66	item8: close BetterEnd provider census
a7410ba8ab37b303405329d6573467980f39238f	6dd729125f9d9a32b58df62cb0ce096101ae7ba5	item8: close Biomes O Plenty provider census
d950b30712691ef8cbb41aaad34f1f0db9661322	42c7d091eb07c0ee4d7b0c7a2a0b47411d3ac7b3	item8: close redstone configuration and loot providers
85b4fac695a9c8cfa1ba9992dfe864885ac66519	9ac47f9b3d8c40bdb5671b87dc8ee4a1eeb60ff2	item8: close Integrated Villages provider census
61b980668cbcdc4d47738dbfebeee74217d05da6	24149bd2f7ff1f871200898d37ff189e9f1fa5b1	item8: close idas provider component scope
b2ef73f5e3144fc111e6caf765282ff43da5a4ac	d4e9067023d41a3eecdf7ca2b6d8903250e31f67	item8: close better witch huts provider scope
e21a4abedc759981ee33fde8f134dacd011c97c2	c873919140b1d9b8c02e1c102451b20c3bccf89c	item8: close Better Fortresses provider census
fba72e45fecf1e6861a1eaddecb8da98de606efa	21978e1543df575ff87fd1896793981816fda25f	item8: close Better Ocean Monuments provider census
014fad79518a4030f5bda371cd3a16fefbc02ef9	18e80c3b06ba573476df313464efaccee7f1f664	item8: close Better Strongholds provider census
cd6c9f3a47e3eb90c3d7b0171e13656b4f3d79ec	18a52c3a20be119616fe221940f0aced46625237	item8: close Better Jungle Temples provider census
5f9c8710fe6d8a5f0ca16f73d1be5700bda002af	0c9a87b68ef95c15ab717c419d1b80ff1f8c1025	item8: close Better End Island provider census
aad55bd6830cc6b240128dbe472d8a47bca0a4b5	d0390f6949d4788c227bdb2e1c09afffc8b207fc	item8: close Better Mineshafts provider census
1e17d26fd5db63fd12d6b9c7f4a46b85e1114b5d	de2e591a01ac0719fe6088a2969b2526b9208cbd	item8: close Better Dungeons provider census
ac3430bedb065ba75616a24a89bfec55bd1ca3a6	613c350058d520d77a044cd9dcec11ba86147349	item8: close Better Desert Temples provider census
0b734aca5516e53e813a50144d4532dd3bd2d3f6	25c7b2324cfba2ed586057ca63c4b7a5055f2fc2	item8: close Better Caves provider census
20672576adfe666761d91877bfd02eb2cf1b9a2f	179f676505fa13da014c2b257330a6123bcfb7bd	item8: close Cave Biomes provider census
639f52c604b4e0c57801e63aa321a4508c603fbf	40396a18df124fc9f19c9f2e8fc1069dd14224ee	item8: close YUNG API provider census
72c44c7f03111f4ac410a0dc68f72ba7d3714377	5b2587a13381eab05858743279a063e9a6387c65	item8: close Quark provider census
09502a741fc33285dec3c3210774abe40d47f291	f23169f795c19cbb9b6e1f491827d3bdcf1a3362	item8: close Zeta provider census
a58cda13718dbf613d7c13d3e1d0b91c6bb6d863	ff297bf36367cfdf9ebf19329bf41e9de902c8da	item8: close Repurposed Structures provider census
637cbaf672263f92fdc8e0e7c9e96b9523c6a601	7da15360b83eed6ecb5fee8bb07b7e02ae2010a8	item8: close Aether provider census
fe75d2764304ece75892dff3717cd80b9a29fe3a	f9be87ea4d9faca3db9975922de6ef415c61c4be	item8: close Deep Aether provider census
d0755000e431e23bac975ab3a1d549c40e8e34b8	ef524d95f44f57df16827513fdc99798b9526bc9	item8: reconcile Regions Unexplored feature candidates
63ee5df95d91b139c63e2499c503024f728cc63f	76fd4ec3279b7c2b1c4c142a9aabb6b69294a881	item8: close Creating Space provider census
39f572c577bf122e70f27e36aeba173d662438b2	ad179e35f8fd00ae4c12980a004e38859d51f07d	item8: close Supplementaries provider census
f6e7354945d4fdde51a9acaf12becf2600075f58	f6e7354945d4fdde51a9acaf12becf2600075f58	item8: close creeper overhaul provider membership
1b0f4ff58bdf61d3caca9cfde2a1ea1386e80650	1b0f4ff58bdf61d3caca9cfde2a1ea1386e80650	item8: close farmers delight provider membership
e97301104e153bb78e4225ee043348ebe3d40e74	e97301104e153bb78e4225ee043348ebe3d40e74	item8: close coffee delight provider membership
366fcfe0f327013f25bacb3edf7854a69c41d091	366fcfe0f327013f25bacb3edf7854a69c41d091	item8: close ends delight provider membership
9edd2b657604bcafbbe95fc35113867fd8a2400b	9edd2b657604bcafbbe95fc35113867fd8a2400b	item8: close aethers delight provider membership
0d6dcad43c8c98ada6d429809e13fc9eee083cb7	0d6dcad43c8c98ada6d429809e13fc9eee083cb7	item8: close ubes delight provider membership
99f106451b6833d1847b5d656cf2733e8991bb43	99f106451b6833d1847b5d656cf2733e8991bb43	item8: close naturalist provider membership
9bef6fc0c8429e415d15e269a3ae31cfd9b10143	f86c9b4f89f16cb102ef0849c0b012e287f8fdec	item8: close Lithostitched provider census
3f36a0632b8b463c3e72642ad94bde87be47d2a7	3f36a0632b8b463c3e72642ad94bde87be47d2a7	item8: close railways provider membership
be15f89c43f122ea737fa454338248d53db499fd	0c98b47f241e8059518d842298b0e7603a17c013	item8: close regions unexplored provider membership
ad5f7ab1c656759c127f76a003044304c801e003	a777d9de8459b60c4c98665b8e95e66b77161182	item8: close Create provider census
d5466384361a5262a430623bd8d64a0c21c06765	aa4cc0c958ab1459027d7229cd4781c5722a2fcf	item8: resolve initial Fabric support-module boundaries
075814bb12b31018952555d0321b26276c51cb42	14c91930d05c7adbfe0ed04d9a2afda2c15fa457	item8: reconcile crashed ship scarecrow and vegetation membership
04616ac0241f9ae724714c4e4d63d144ae1c06cf	c9d8812ea722fb1ea94f93b5dbe4b69db3ff1eae	item8: close Fabric client and block utility boundaries
d8f300bff6d0d0195e2caadc2a5e3a2f0639bbc0	5bf0bc6921350d282884a64621c98a4880bb91fc	item8: reconcile nonregistry designs and settlement membership
f633531abf7b9af5e741756952c5b544707599c5	37332349e1356e79ca1f8443d3901381ac93413b	item8: close remaining Fabric support-module boundaries
4a71725d05cc4c38e4402d5ad355d780c2bfa7d7	4a71725d05cc4c38e4402d5ad355d780c2bfa7d7	item8: close wunderlib provider membership
2d52018856da3cea23d44000ec12c9bd177bf036	2d52018856da3cea23d44000ec12c9bd177bf036	item8: close mca provider membership
15b229a66a8e68535485b9f8aafafbbe683b9cbd	15b229a66a8e68535485b9f8aafafbbe683b9cbd	item8: close integrated api provider membership
5313834f14b944f8e9359e06ef832b6d85e746f0	5313834f14b944f8e9359e06ef832b6d85e746f0	item8: close glitchcore provider membership
acec260ffbe6abac36eefd5ca16d309b1b091f06	acec260ffbe6abac36eefd5ca16d309b1b091f06	item8: close terrablender provider membership
d4a60f7da0941d59ccc23ecedfc82adc358dc2d4	d4a60f7da0941d59ccc23ecedfc82adc358dc2d4	item8: close configuration library membership
33fd5fc56194e18a2acde6d55d51899a2e3298db	33fd5fc56194e18a2acde6d55d51899a2e3298db	item8: close target dummy provider membership
4310169a43a979d78bb54128f03b48a732d0c1bb	4310169a43a979d78bb54128f03b48a732d0c1bb	item8: close emi ores provider membership
e57ec90956cebf9faf5b1eed67e0010b2a78ab5f	e57ec90956cebf9faf5b1eed67e0010b2a78ab5f	item8: close player animation provider membership
3289926f5a9617a814d51d423c17748a4ed72f8e	3289926f5a9617a814d51d423c17748a4ed72f8e	item8: close azurelib armor provider membership
43151a2acc2c3194bde828771ca4c8b4d7561494	43151a2acc2c3194bde828771ca4c8b4d7561494	item8: close geckolib provider membership
1302798a1045a220dcd86cc3fd72a8b2cba62052	1302798a1045a220dcd86cc3fd72a8b2cba62052	item8: close chipped provider membership
ea389fa4025d5143d071d63ef591163113a7869c	ea389fa4025d5143d071d63ef591163113a7869c	item8: close patchouli provider membership
6a656778a260966d8e928a3ef571796465a0014c	6a656778a260966d8e928a3ef571796465a0014c	item8: close cloth config provider membership
ad150077ce41df034bfa3112b0aacac1684dc26d	ad150077ce41df034bfa3112b0aacac1684dc26d	item8: close cristellib provider membership
c770e70d680f781eb827ec192335d79aea3a86e1	c770e70d680f781eb827ec192335d79aea3a86e1	item8: close ranged weapon api provider membership
9033a903d5afaa46d5d222050b3d3f66b95bc6c3	9033a903d5afaa46d5d222050b3d3f66b95bc6c3	item8: close quick right click provider membership
62481b1bd741e2c6780e6f7e6d0335185c29fc14	62481b1bd741e2c6780e6f7e6d0335185c29fc14	item8: close collective provider membership
93dad3d9680fad4a73f378a50b6f955298307c30	93dad3d9680fad4a73f378a50b6f955298307c30	item8: close emi loot provider membership
7e52582aa97f0b165a228175db9b904079bf3909	7e52582aa97f0b165a228175db9b904079bf3909	item8: close puzzles lib provider membership
9a7055a35d855674e34de051778d32815f269545	9a7055a35d855674e34de051778d32815f269545	item8: close architectury provider membership
57294e2d18f5f78bdaf09abdb0975c4af7a5c38d	57294e2d18f5f78bdaf09abdb0975c4af7a5c38d	item8: close bookshelf provider membership
69d8725f55c2e07356f92525548aa064b5441e77	69d8725f55c2e07356f92525548aa064b5441e77	item8: close better combat provider membership
da67ce3293016380026e6489dd19d64e85ecff10	da67ce3293016380026e6489dd19d64e85ecff10	item8: close polymorph provider membership
4cfca869c3163dff5506ad367179ab59a838af76	4cfca869c3163dff5506ad367179ab59a838af76	item8: close bclib provider membership
c2414bc77fc5fef51a4837d32fc60c07f928b8d1	2ee323d38d11071283879a2e8f87abb8e25c1a0a	item8: close WorldWeaver provider census
734f2f3c863ddbb0115f6710ab3e2d20304eae45	0422d70076f5edd80de74de5254e4d65b36acc2e	item8: close Create Dragons Plus provider census
29e6407d3862b4e2839a78feb59c1dcf8cc2560a	29e6407d3862b4e2839a78feb59c1dcf8cc2560a	item8: close accessories provider membership
24d21a1afeb3ec850629a766facdf9fdcb843f72	24d21a1afeb3ec850629a766facdf9fdcb843f72	item8: close amendments provider membership
348883ed77b6f16ea7724c80a1e8cdb71bb12585	9de70e671ff74ab047efa610963c093a0fc47f53	item8: close C2ME provider census
a5ce33e4bbd22d25820f7a148da82dc5e0b5aa4c	a5ce33e4bbd22d25820f7a148da82dc5e0b5aa4c	item8: close cc tweaked provider membership
61c70b9326bb8b941fdf073c2d6af1768a630c3a	61c70b9326bb8b941fdf073c2d6af1768a630c3a	item8: close comforts provider membership
6cf6549eb88e813b5aaa8f75d79da3f797f4623e	6cf6549eb88e813b5aaa8f75d79da3f797f4623e	item8: close resourceful lib provider membership
4d984bf1e56633fad0137a06c95d928da26344e3	4d984bf1e56633fad0137a06c95d928da26344e3	item8: close enchantment industry provider membership
c190a1521ebd98afe8042f9d6da4647479784369	3e3c7a448d8b94678f80d8a2cf81d8bb9175f9aa	item8: close Big Cannons provider census
f64846574e11b7b5d773dfca034655ff9a5a1242	41902c0218f9d6140d636a86866d85b223fe4657	item8: close Diesel Generators provider census
4fa7b99bba8953e4f880290b1b627ebdcafa14fe	4fa7b99bba8953e4f880290b1b627ebdcafa14fe	item8: close curios provider membership
90714225c6e87f6730d97607c98b669c5354b56f	90714225c6e87f6730d97607c98b669c5354b56f	item8: close fzzy config provider membership
8a9ba7588305fe66390c641b0435a980e4b2b506	8a9ba7588305fe66390c641b0435a980e4b2b506	item8: close kotlin for forge provider membership
86b565640c244cae34797b2b70af994900e326cf	ea1caa3c6dead5fbc7db83fe58b1a5b2c7b78a76	item8: close Moonlight provider census
a7e446a592d2d3e397aaca6c5e3c8c152151e9ba	a7e446a592d2d3e397aaca6c5e3c8c152151e9ba	item8: close owo-lib provider membership
0130c1c151e6fee43b16c97349333f2711ceb253	0130c1c151e6fee43b16c97349333f2711ceb253	item8: close servercore provider membership
2f6681bc54bb9dac3c4cd0aaf4aafe632795a66f	2f6681bc54bb9dac3c4cd0aaf4aafe632795a66f	item8: close simply swords provider membership
911736ced2331cbdbefa167b2715133862cc16d6	4628be8296754b94cdab52d251c2e8e55f0b696f	item8: close final retained provider membership
daad46ab26182bfbe110bc5969e6e5863f85e976	1c2bbadc5c1b0cdccbd8821628be512f2e6dda2d	item8: reconcile Soaring canonical designs with layout comparisons
dfb47dc760364ee5b5a04aa14af5323cd345a4b6	d3ddfba2f8b5713996886b78f076ac1205a87cbe	item8: reconcile Nether canonical designs with layout comparisons
1b060fcf87a187cbc6170f1a59f933252d015ee5	9a9e53fdd3800c112207bd99cfe0efd6c53927fb	item8: reconcile Voyager canonical designs with layout comparisons
b91488e55f428558903c62d1509466c84463ba46	368aabd093f138b53f43030211f2831abdf7d47a	item8: resolve inactive roots and Integrated dependency replacements
e3fa5424a6049b13ed5fa8d7b334454256b8cf02	121785fd162059008ec7ae13f36e8ac63758fa7e	item8: reconcile Space and Illager design boundaries
f7aa1b401334ce36d12d84c3a2b33f939eb42708	337898645e25c5f35faac4adc2fb762b7ec9c3ea	item8: reconcile Aether dungeon designs
0a22930c6a87e0967cd7f472e4602156ed34b528	6d98a17e744338a9ec31228ddcc0d62bf4218ded	item8: reconcile Towns and Towers settlement designs
3f85162be6322bcef8aa8d4c06c504ecb142c8fd	d6671ada9b966b82a0e05f2f68cd4c31ab5d8019	item8: reconcile Terralith canonical designs
5b519f0e427476b3358e3981a21f95134c0b1f06	d9032d8014b669d848fb72193dcde67fffec9255	item8: reconcile AdoraBuild canonical designs with layout comparisons
5a414d355947510ff35a94c53e10746fc7cd42ef	189a2e979dea87598abe4b1ac3e4290517d3a2ec	item8: reconcile IDAS canonical designs and bound attribute work
0281aad4a219488e26162787f1a34dc2e684691e	d38e523494009e8a53e087bf6fc2e24d0be863cd	item8: integrate established IDAS small-family attributes
6ccf7c114df8c5f831cba98dabf02be1e7f0ab26	7be1aa158c959d9418575826bfab9151b6a95238	item8: integrate shared nominal geometry and jigsaw placement
d1e3413c921501e482fe009d37632562d24375b4	caea71edd5603497b8e3bf0891f6fef9ba3c894b	item8: integrate established nonregistry geometry and attributes
95324c9fd120a876367ed2907fb860ec66cecd3e	c721d6d503149e083f3a41487a25b6ceb499fdbd	item8: complete YUNG End Island and Quark feature assessments
4517e7b0463121cd3e45fe4f48cafa8675b615a0	95ad0d9d9de94f9929bab465d4df2fdbb012cd7f	item8: complete remaining nonregistry family assessments
25ac5e9f43353a3b3499cf60349ea27523196d2d	6d0ad23a05ecc6f7465160d786a6c45bd1c6d3bd	item8: complete AdoraBuild family assessments
e7159858e25907204a0acf924086069ac4d5d6c2	37145a6678e4a4cc55042e2a1efb2db80d58d729	item8: attribute Explorify assembly content
389fff6b35c12918e324b8113a7ab615d84e2860	389fff6b35c12918e324b8113a7ab615d84e2860	item8: support explicit structure targets in existing capture
e88047ffc7e7a3e2a1a213296ed0a059d4a3f4a5	e88047ffc7e7a3e2a1a213296ed0a059d4a3f4a5	item8: complete Explorify geometry and custody
02dbc8a9f7176271fff071a64e37292169129495	02dbc8a9f7176271fff071a64e37292169129495	item8: complete Seven Seas family assessments
9657e8e022c6298eca388189e8f1e5863b1d6aba	5132067f7c1e0c9235d7d6d50ea5e22a45063a6c	item8: complete Illager Invasion family assessments
0843488107dc9455b5c83b750f505214b3051f41	c9db3d27b8b418e46fdd3333c79031aad3a7be08	item8: complete Explorations family assessments
dc38ac5dfdd2cda2c6dde224ccea8e0bbb78f01e	07b9623a00d3a5d0a740f76214e1d90e664d8246	item8: complete Voyager family assessments and geometry custody
e794a56e0bfb42c13657cf39c1470a8cf1861d0b	f9d0da5b7d1d97000f85f4c2250a08e63a2ce835	item8: complete Moog End family assessments
8bc014eb439ee34db3c16898eb66e846db493414	3ce2f4776657defd9ea1e1781d7f76aaed0bf4f1	item8: complete Soaring family assessments
ee57ee15fa207fc86affaa59b69ce558750fbc9a	a80a041e0a5b303c2ed21a5d44965e5b380fc019	item8: complete Nether family assessments
54a56870c182ab3d93a0ebe53eebd688a6e3310c	41ff9a913d16b21a20fb02be6a6b21bfca3829e1	item8: complete Towns and Towers assessments and village geometry
dcbebf5008e0e205b13437f7938f6fcc65214df0	54c23c096e38eea9c5a2cae66a69b6109a432e44	item8: complete Terralith family assessments
4a6f4ba2c80b8dafd827d6329314e78e7fc6d043	4a6f4ba2c80b8dafd827d6329314e78e7fc6d043	item8: complete Creating Space family assessments
65c1542af2a3bb31a330a7a70c3972af6b60f4c2	a0d2d40c3d57ad981a32dd35ff217c88c84a8b83	item8: complete Supplementaries registry-family assessments
4dfbb3b3d3ccbd3ec97985e5128af3553be33240	ee9edc356d3565723f6f9b494d6017223e0e1409	item8: complete WDA family assessments and geometry custody
7175349906cacf9052738e7aa143bd9fe51bb377	09bc908f628cc545c45684a4c3f4e54bf6dcda16	item8: complete Mineshafts and Spider Dungeon geometry
2a3e3b53651ea86e594382a2e1f7faf197c7447f	09c1350d83d372de2305e9f7b1be9e65709d861e	item8: complete Witch Hut and remaining Better Dungeons assessments
19d5497b07c86d6c247abfdcf004f4087e8ebd9c	19d5497b07c86d6c247abfdcf004f4087e8ebd9c	item8: complete Better Ocean Monument assessment
c7233d0e1cc8fe039c1921fe4d73940647422b13	49256a97711fb863e28bd6a45b23759b5d3303a9	item8: complete Better Jungle Temple assessment
aca5674569bad61d5257cf3e47fde8cbfa046009	aca5674569bad61d5257cf3e47fde8cbfa046009	item8: complete Better Nether Fortress assessment
a641bf0b76f11ba73d9670cfb55904535fbe08d3	f1b89cc7a171888dbf9677f9b1e74ca00398b594	item8: complete Better Desert Temple assessment
b9328f02d9f2f76703e4b28a69874349c0ffde54	6986d3eb9d3dfdef5028e867e94119de6fed4011	item8: complete Better Stronghold assessment
58bebb10ddbf50d21ac5f244bcae4c7c418d2758	3cd3618f6778274b8d48460f8831f2435c53ccf6	item8: complete Aether and Deep Aether dungeon assessments
105ab05f73ada74a5019c0fc796b74aca405d868	375850f59ea2545083b7844d48c53db1f96e6391	item8: complete CTOV assessment and outpost geometry
dc32917277ff4ae86041843df58069bb6a4a8819	7e753f61c3506ae058cba0b75642f9fd1d9d9bc3	item8: complete Integrated family assessments and geometry
f2170453b11795ae614f333804d248c726e4aada	28bfe295f86aea6e4e163c5b845cfa4dd185811f	item8: complete BetterEnd registry-family source assessments
d2577e235af9dfcf71d08a4ad042f66057622c0a	d2577e235af9dfcf71d08a4ad042f66057622c0a	item8: support End targets in existing capture
5ec635ad6f4994c506a270785d40e36cf638e1ed	5ec635ad6f4994c506a270785d40e36cf638e1ed	item8: accept BetterEnd village geometry
7bca03c2d25e8f5ff85ca097c58ad298bfc78568	53524a5ffc40a2c5d06ed8dcd822d964d865ff37	item8: complete vanilla family assessments and geometry
3f5a33b5e0f32a955b89faf9699ed3aa45dd45f5	8c7a0bfc931e31960d9120ca38513eee0a3a869c	item8: complete Repurposed mansion monument and witch hut assessments
1516b05f00b361b76a9cb98c7978478efa6ae44a	8de9e6444eae1931e50a991598f19d016cc1f1be	item8: complete Repurposed ruin temple and shipwreck geometry
ea0b1ce5a28f7e5f3af959db9d5c3ea7b7af0434	e3d67f4bd40900025cdf9628fad4931341429e49	item8: complete remaining Repurposed family assessments
4e3623d65a42dcab246148e073f17c33cb6afc8e	54a6fb1446d54ab2ed35aee85eb678658cbcc2be	item8: complete IDAS tower camp and ship variant assessments
453183130628a813c3592e35ebf23a6fe844b3c2	0573e54fa2abbfbb33da754f52a9e3fd878251c5	item8: integrate IDAS existing geometry and encounter assemblies
cbd31429445dc11d59c3d95002256957d2e0102d	0221402501a97235e4ffa722ab1ad5ce75e62300	item8: complete IDAS settlement worksite and landmark assemblies
2d9cdd885aeffeef4ac38a3b3710117cda715c41	c9fc0de0e0e8f7fceb7fdb07fb78087e05708e73	item8: complete IDAS major dungeon assembly assessments
7ed124be3d82b420774e2a99d83e68b49237353d	2410ad1c40e46afec76c96fe74a0ae58be12d250	item8: complete final IDAS castle and pyramid assessments
8f3cfb006ae9e31893eaa4675f4ba4b87c532c37	8f3cfb006ae9e31893eaa4675f4ba4b87c532c37	item8: consolidate assessed canonical family records
3499b5cb9b8c5296ccbc501a4a268a9253bc46e8	3499b5cb9b8c5296ccbc501a4a268a9253bc46e8	item8: publish canonical inventory layout migration
701d892ca8092a866c0eed328dc4948c4b137156	83995ce2e702c984f6c3555f107a90d438f265b9	item8: reconcile final report and local acceptance
d0d212d68be00434e104047ce83d7e2bc3091680	d15e1792187b6e2aaaca571a8315c9250dc144e1	item8: preserve source history and initial PR mapping
