range_0001	0.1.3	[0.1,)
range_0002	0.1.3	[0.1.3,)
range_0003	0.12.15.5-beta.1+1.21	[0.12.15.0+1.21,)
range_0004	0.13.11	[0.13.10,)
range_0005	0.15.3+mc1.21.1	[0.14.7,)
range_0006	0.3.0+alpha.0.93	*
range_0007	0.4.42+d1308ded19	*
range_0008	0.4.42+d1308dedd1	*
range_0009	0.6.1	[0.6,)
range_0010	0.7.6+1.21+neoforge	[0.4.1,)
range_0011	0.7.6+1.21+neoforge	[0.6.6,)
range_0012	0.8.12-beta.1+mc1.21.1	(,0.8.12-alpha.2+mc1.21.1)
range_0013	0.8.12-beta.1+mc1.21.1	[0.6.0-beta.2,)
range_0014	0.8.12-beta.1+mc1.21.1	[0.6.9,)
range_0015	0.8.12-beta.1+mc1.21.1	[0.8.12-alpha.3,)
range_0016	1.0.10+9afaaf8c19	*
range_0017	1.0.11+e9036fd419	*
range_0018	1.0.3+1.21.1	[0,)
range_0019	1.0.6	[1.0.0,2.0)
range_0020	1.0.6	[1.0.6,)
range_0021	1.0.82+mc1.21.1	[1.0.82,)
range_0022	1.1-40	[1,1.2)
range_0023	1.1.0	[1.1.0,)
range_0024	1.1.24+1.21.1+neoforge	[1,)
range_0025	1.1.24+1.21.1+neoforge	[1.0.0,)
range_0026	1.1.24+1.21.1+neoforge	[1.1.10,)
range_0027	1.1.24+1.21.1+neoforge	[1.1.18,)
range_0028	1.1.5	[1.1.2,)
range_0029	1.1.5	[1.1.4,)
range_0030	1.11.2b	[1.11.0,)
range_0031	1.13.9	(,1.13.3]
range_0032	1.2.1+1.21.1	*
range_0033	1.21	*
range_0034	1.21	1.21.1
range_0035	1.21	[1.20, 1.22)
range_0036	1.21	[1.20,)
range_0037	1.21	[1.20.5,)
range_0038	1.21	[1.20.5,1.22)
range_0039	1.21	[1.20.6,1.22)
range_0040	1.21	[1.21, 1.21.1)
range_0041	1.21	[1.21, 1.21.1,)
range_0042	1.21	[1.21, 1.21.1]
range_0043	1.21	[1.21, 1.21.2)
range_0044	1.21	[1.21, 1.21.3]
range_0045	1.21	[1.21, 1.22)
range_0046	1.21	[1.21,)
range_0047	1.21	[1.21,1.21.1)
range_0048	1.21	[1.21,1.21.1]
range_0049	1.21	[1.21,1.21.2)
range_0050	1.21	[1.21,1.22)
range_0051	1.21	[1.21,1.30)
range_0052	1.21	[1.21.1, 1.21.2)
range_0053	1.21	[1.21.1, 1.22)
range_0054	1.21	[1.21.1,)
range_0055	1.21	[1.21.1,1.21.2)
range_0056	1.21	[1.21.1,1.21.3]
range_0057	1.21	[1.21.1,1.21.8]
range_0058	1.21	[1.21.1,1.22)
range_0059	1.21	[1.21.1]
range_0060	1.21-2.0.15	[1.21-2.0.0,]
range_0061	1.21.1	*
range_0062	1.21.1	1.21.1
range_0063	1.21.1	[1.20, 1.22)
range_0064	1.21.1	[1.20,)
range_0065	1.21.1	[1.20.5,)
range_0066	1.21.1	[1.20.5,1.22)
range_0067	1.21.1	[1.20.6,1.22)
range_0068	1.21.1	[1.21, 1.21.1)
range_0069	1.21.1	[1.21, 1.21.1,)
range_0070	1.21.1	[1.21, 1.21.1]
range_0071	1.21.1	[1.21, 1.21.2)
range_0072	1.21.1	[1.21, 1.21.3]
range_0073	1.21.1	[1.21, 1.22)
range_0074	1.21.1	[1.21,)
range_0075	1.21.1	[1.21,1.21.1)
range_0076	1.21.1	[1.21,1.21.1]
range_0077	1.21.1	[1.21,1.21.2)
range_0078	1.21.1	[1.21,1.22)
range_0079	1.21.1	[1.21,1.30)
range_0080	1.21.1	[1.21.1, 1.21.2)
range_0081	1.21.1	[1.21.1, 1.22)
range_0082	1.21.1	[1.21.1,)
range_0083	1.21.1	[1.21.1,1.21.2)
range_0084	1.21.1	[1.21.1,1.21.3]
range_0085	1.21.1	[1.21.1,1.21.8]
range_0086	1.21.1	[1.21.1,1.22)
range_0087	1.21.1	[1.21.1]
range_0088	1.21.1-1.0.0-neoforge	[1.0.0,)
range_0089	1.21.1-2.6.21	[0,)
range_0090	1.21.1-2.6.21	[1.21-2.3.0,)
range_0091	1.21.1-3.0.17	*
range_0092	1.21.1-3.0.17	[1.21-2.29.0,)
range_0093	1.21.1-3.0.17	[1.21-2.30.0,]
range_0094	1.21.1-3.0.17	[1.21.1-3.0.14,)
range_0095	1.21.1-3.6.8	*
range_0096	1.21.1-4.1.0.3	[1.21.1-4.1.0.0,)
range_0097	1.21.1-4.1.0.3	[4.1.0.0,)
range_0098	1.21.1-4.1.0.3	[4.1.0.8,)
range_0099	1.21.1-NeoForge-5.1.6	[1.21.1-NeoForge-5.1.2,)
range_0100	1.21.1-NeoForge-5.1.6	[1.21.1-NeoForge-5.1.3,)
range_0101	1.21.1-NeoForge-5.1.6	[1.21.1-NeoForge-5.1.4,)
range_0102	1.21.1-NeoForge-5.1.6	[1.21.1-NeoForge-5.1.5,)
range_0103	1.21.1-NeoForge-5.1.6	[1.21.1-NeoForge-5.1.6,)
range_0104	1.3.0	[1.2.0,)
range_0105	1.3.0	[1.3.0,)
range_0106	1.3.1+4ea8954419	*
range_0107	1.3.2	[1.2.6,)
range_0108	1.3.2	[1.2.7,)
range_0109	1.3.2	[1.3.0,)
range_0110	1.3.2	[1.3.1,)
range_0111	1.44.2	[1.40.2,)
range_0112	1.44.2	[1.44.0,)
range_0113	1.5.10	1.21.1-1.5.0-neoforge,)
range_0114	1.5.10	[1.2.0,)
range_0115	1.5.10	[1.5.1,)
range_0116	1.5.2	[1.0.2,)
range_0117	1.6.0	(1.6.0,)
range_0118	1.6.71+c290471319	*
range_0119	1.63.0-1.21.1	[1.62.0,)
range_0120	1.7.1	[1.0,)
range_0121	1.7.10+beta4	[1.5,)
range_0122	1.7.10+beta4	[1.6.0,)
range_0123	1.7.10+beta4	[1.7.7,)
range_0124	1.7.10+beta4	[1.7.9,)
range_0125	1.7.3+1.21.1-neoforge	*
range_0126	1.7.3+1.21.1-neoforge	[1.6.2,)
range_0127	1.8.0+5ede667619	*
range_0128	1.8.14-beta.1+mc1.21.1	[1.8.1,)
range_0129	1.9.9	[1.9.0,)
range_0130	13.0.8	[13.0.8,)
range_0131	13.0.8	[5.12.42,)
range_0132	15.0.140	[15.0.0,)
range_0133	15.0.140	[15.0.127,)
range_0134	15.2.1+cc242efd19	*
range_0135	19.27.0.340	[15.8.0.11,)
range_0136	19.27.0.340	[19.19.3,)
range_0137	2.0.1	[1.2.0,)
range_0138	2.0.1	[1.2.2,)
range_0139	2.0.1	[2.0.0,3.0.0)
range_0140	2.0.4+1.21.1	[1,)
range_0141	2.1.0.2	[2.1.0.0,)
range_0142	2.1.2	[2.1.2,)
range_0143	2.13.41	[2.13.37,)
range_0144	2.3.3+1.21.1	[2.2.0,)
range_0145	2.3.3+1.21.1	[2.3.0,)
range_0146	2.4.0	[1.3.0,)
range_0147	2.6.0+e40d8add19	*
range_0148	21.0.10	[21.0,)
range_0149	21.0.10	[21.0.8,)
range_0150	21.0.10	[21.0.9,)
range_0151	21.0.166	*
range_0152	21.0.166	21.1.225
range_0153	21.0.166	[*,)
range_0154	21.0.166	[0,)
range_0155	21.0.166	[1,)
range_0156	21.0.166	[20,)
range_0157	21.0.166	[20.2,)
range_0158	21.0.166	[20.2.86,)
range_0159	21.0.166	[20.4,)
range_0160	21.0.166	[20.4.167,)
range_0161	21.0.166	[20.4.72-beta,)
range_0162	21.0.166	[20.5,)
range_0163	21.0.166	[21,)
range_0164	21.0.166	[21.0,)
range_0165	21.0.166	[21.0-beta,)
range_0166	21.0.166	[21.0.0,)
range_0167	21.0.166	[21.0.0-beta,)
range_0168	21.0.166	[21.0.110-beta, 21.2.0)
range_0169	21.0.166	[21.0.110-beta,)
range_0170	21.0.166	[21.0.110-beta,21.2.0)
range_0171	21.0.166	[21.0.111-beta,)
range_0172	21.0.166	[21.0.118-beta,)
range_0173	21.0.166	[21.0.133-beta,)
range_0174	21.0.166	[21.0.143, )
range_0175	21.0.166	[21.0.143,)
range_0176	21.0.166	[21.0.20-beta,)
range_0177	21.0.166	[21.0.31-beta,)
range_0178	21.0.166	[21.0.67,)
range_0179	21.0.166	[21.0.76-beta,)
range_0180	21.0.166	[21.0.78-beta,)
range_0181	21.0.166	[21.1,)
range_0182	21.0.166	[21.1.0,)
range_0183	21.0.166	[21.1.1,)
range_0184	21.0.166	[21.1.115,)
range_0185	21.0.166	[21.1.150,)
range_0186	21.0.166	[21.1.162,)
range_0187	21.0.166	[21.1.169,)
range_0188	21.0.166	[21.1.174,)
range_0189	21.0.166	[21.1.176,)
range_0190	21.0.166	[21.1.192,)
range_0191	21.0.166	[21.1.201,)
range_0192	21.0.166	[21.1.206,)
range_0193	21.0.166	[21.1.209,)
range_0194	21.0.166	[21.1.21,)
range_0195	21.0.166	[21.1.218,)
range_0196	21.0.166	[21.1.219,)
range_0197	21.0.166	[21.1.22,)
range_0198	21.0.166	[21.1.226,)
range_0199	21.0.166	[21.1.228,)
range_0200	21.0.166	[21.1.230,)
range_0201	21.0.166	[21.1.233,)
range_0202	21.0.166	[21.1.4,)
range_0203	21.0.166	[21.1.47,)
range_0204	21.0.166	[21.1.57,)
range_0205	21.0.166	[21.1.60,)
range_0206	21.0.166	[21.1.61,)
range_0207	21.0.166	[21.1.66,)
range_0208	21.0.166	[21.1.72,)
range_0209	21.0.166	[21.1.80,)
range_0210	21.0.166	[21.1.82,)
range_0211	21.0.166	[21.1.9,21.2)
range_0212	21.0.166	[21.1.97,)
range_0213	21.0.166	[4,)
range_0214	21.0.24	[21.0,)
range_0215	21.0.24	[21.0.14,)
range_0216	21.0.24	[21.0.16,)
range_0217	21.1.1	*
range_0218	21.1.11	[21.1, 21.2)
range_0219	21.1.249	*
range_0220	21.1.249	21.1.225
range_0221	21.1.249	[*,)
range_0222	21.1.249	[0,)
range_0223	21.1.249	[1,)
range_0224	21.1.249	[20,)
range_0225	21.1.249	[20.2,)
range_0226	21.1.249	[20.2.86,)
range_0227	21.1.249	[20.4,)
range_0228	21.1.249	[20.4.167,)
range_0229	21.1.249	[20.4.72-beta,)
range_0230	21.1.249	[20.5,)
range_0231	21.1.249	[21,)
range_0232	21.1.249	[21.0,)
range_0233	21.1.249	[21.0-beta,)
range_0234	21.1.249	[21.0.0,)
range_0235	21.1.249	[21.0.0-beta,)
range_0236	21.1.249	[21.0.110-beta, 21.2.0)
range_0237	21.1.249	[21.0.110-beta,)
range_0238	21.1.249	[21.0.110-beta,21.2.0)
range_0239	21.1.249	[21.0.111-beta,)
range_0240	21.1.249	[21.0.118-beta,)
range_0241	21.1.249	[21.0.133-beta,)
range_0242	21.1.249	[21.0.143, )
range_0243	21.1.249	[21.0.143,)
range_0244	21.1.249	[21.0.20-beta,)
range_0245	21.1.249	[21.0.31-beta,)
range_0246	21.1.249	[21.0.67,)
range_0247	21.1.249	[21.0.76-beta,)
range_0248	21.1.249	[21.0.78-beta,)
range_0249	21.1.249	[21.1,)
range_0250	21.1.249	[21.1.0,)
range_0251	21.1.249	[21.1.1,)
range_0252	21.1.249	[21.1.115,)
range_0253	21.1.249	[21.1.150,)
range_0254	21.1.249	[21.1.162,)
range_0255	21.1.249	[21.1.169,)
range_0256	21.1.249	[21.1.174,)
range_0257	21.1.249	[21.1.176,)
range_0258	21.1.249	[21.1.192,)
range_0259	21.1.249	[21.1.201,)
range_0260	21.1.249	[21.1.206,)
range_0261	21.1.249	[21.1.209,)
range_0262	21.1.249	[21.1.21,)
range_0263	21.1.249	[21.1.218,)
range_0264	21.1.249	[21.1.219,)
range_0265	21.1.249	[21.1.22,)
range_0266	21.1.249	[21.1.226,)
range_0267	21.1.249	[21.1.228,)
range_0268	21.1.249	[21.1.230,)
range_0269	21.1.249	[21.1.233,)
range_0270	21.1.249	[21.1.4,)
range_0271	21.1.249	[21.1.47,)
range_0272	21.1.249	[21.1.57,)
range_0273	21.1.249	[21.1.60,)
range_0274	21.1.249	[21.1.61,)
range_0275	21.1.249	[21.1.66,)
range_0276	21.1.249	[21.1.72,)
range_0277	21.1.249	[21.1.80,)
range_0278	21.1.249	[21.1.82,)
range_0279	21.1.249	[21.1.9,21.2)
range_0280	21.1.249	[21.1.97,)
range_0281	21.1.249	[4,)
range_0282	21.1.52	[21.1.15,)
range_0283	21.1.52	[21.1.7,)
range_0284	21.1.81	[21.1, 21.2)
range_0285	26.4.2	[26.4.0,)
range_0286	3.0.0	[1.0.0,)
range_0287	3.0.0	[1.1.0,)
range_0288	3.0.0	[3.0.0-alpha.1,)
range_0289	3.0.10	[3.0.0,3.1.0)
range_0290	3.0.11	*
range_0291	3.0.11	[3.0.0,)
range_0292	3.0.12	[3.0.0,)
range_0293	3.1.2	[3.1.1,)
range_0294	3.1.6+a51883b219	*
range_0295	3.1.7	[3.1.5,)
range_0296	3.4.0+acb05a3919	*
range_0297	3.4.1+9125b6dc19	*
range_0298	3.7	[1.21-1.4,)
range_0299	4.0	*
range_0300	4.0	[0,)
range_0301	4.0	[1,)
range_0302	4.0	[2,)
range_0303	4.0	[3,)
range_0304	4.0	[4,)
range_0305	4.0	[4,500)
range_0306	4.0.0	[4.0.0,)
range_0307	4.0.6	[4.0.0,)
range_0308	4.1-480	*
range_0309	4.1.0.8	[1.21.1-4.1.0.0,)
range_0310	4.1.0.8	[4.1.0.0,)
range_0311	4.1.0.8	[4.1.0.8,)
range_0312	4.3.0+30a980d919	*
range_0313	4.7	[0,)
range_0314	4.8.4	[4.5.5,)
range_0315	4.8.4	[4.7,)
range_0316	4.8.4	[4.7.6,)
range_0317	4.8.9+1.21.1	[4.8.9+1.21.1,)
range_0318	5.11.0	[5.3.0,)
range_0319	5.11.0	[5.8,)
range_0320	6.0.10	*
range_0321	6.0.10	[0.6.0.9,)
range_0322	6.0.10	[1.21.1-6.0.2,)
range_0323	6.0.10	[6.0.0,]
range_0324	6.0.10	[6.0.10,)
range_0325	6.0.10	[6.0.10,6.1.0)
range_0326	6.0.10	[6.0.7,)
range_0327	6.0.10	[6.0.7,6.1.0)
range_0328	6.0.10	[6.0.9,7.0.0)
range_0329	8.25	[8.25,)
range_0330	9.5.1+1.21.1	[9.2.0,)
