range_0001	pass	[0.1,)
range_0002	pass	[0.1.3,)
range_0003	pass	[0.12.15.0+1.21,)
range_0004	pass	[0.13.10,)
range_0005	pass	[0.14.7,)
range_0006	pass	*
range_0007	pass	*
range_0008	pass	*
range_0009	pass	[0.6,)
range_0010	pass	[0.4.1,)
range_0011	pass	[0.6.6,)
range_0012	fail	(,0.8.12-alpha.2+mc1.21.1)
range_0013	pass	[0.6.0-beta.2,)
range_0014	pass	[0.6.9,)
range_0015	pass	[0.8.12-alpha.3,)
range_0016	pass	*
range_0017	pass	*
range_0018	pass	[0,)
range_0019	pass	[1.0.0,2.0)
range_0020	pass	[1.0.6,)
range_0021	pass	[1.0.82,)
range_0022	pass	[1,1.2)
range_0023	pass	[1.1.0,)
range_0024	pass	[1,)
range_0025	pass	[1.0.0,)
range_0026	pass	[1.1.10,)
range_0027	pass	[1.1.18,)
range_0028	pass	[1.1.2,)
range_0029	pass	[1.1.4,)
range_0030	pass	[1.11.0,)
range_0031	fail	(,1.13.3]
range_0032	pass	*
range_0033	pass	*
range_0034	pass	1.21.1
range_0035	pass	[1.20,1.22)
range_0036	pass	[1.20,)
range_0037	pass	[1.20.5,)
range_0038	pass	[1.20.5,1.22)
range_0039	pass	[1.20.6,1.22)
range_0040	pass	[1.21,1.21.1)
range_0041	pass	[1.21,1.21.1,)
range_0042	pass	[1.21,1.21.1]
range_0043	pass	[1.21,1.21.2)
range_0044	pass	[1.21,1.21.3]
range_0045	pass	[1.21,1.22)
range_0046	pass	[1.21,)
range_0047	pass	[1.21,1.21.1)
range_0048	pass	[1.21,1.21.1]
range_0049	pass	[1.21,1.21.2)
range_0050	pass	[1.21,1.22)
range_0051	pass	[1.21,1.30)
range_0052	fail	[1.21.1,1.21.2)
range_0053	fail	[1.21.1,1.22)
range_0054	fail	[1.21.1,)
range_0055	fail	[1.21.1,1.21.2)
range_0056	fail	[1.21.1,1.21.3]
range_0057	fail	[1.21.1,1.21.8]
range_0058	fail	[1.21.1,1.22)
range_0059	fail	[1.21.1,1.21.1]
range_0060	pass	[1.21-2.0.0,]
range_0061	pass	*
range_0062	pass	1.21.1
range_0063	pass	[1.20,1.22)
range_0064	pass	[1.20,)
range_0065	pass	[1.20.5,)
range_0066	pass	[1.20.5,1.22)
range_0067	pass	[1.20.6,1.22)
range_0068	fail	[1.21,1.21.1)
range_0069	pass	[1.21,1.21.1,)
range_0070	pass	[1.21,1.21.1]
range_0071	pass	[1.21,1.21.2)
range_0072	pass	[1.21,1.21.3]
range_0073	pass	[1.21,1.22)
range_0074	pass	[1.21,)
range_0075	fail	[1.21,1.21.1)
range_0076	pass	[1.21,1.21.1]
range_0077	pass	[1.21,1.21.2)
range_0078	pass	[1.21,1.22)
range_0079	pass	[1.21,1.30)
range_0080	pass	[1.21.1,1.21.2)
range_0081	pass	[1.21.1,1.22)
range_0082	pass	[1.21.1,)
range_0083	pass	[1.21.1,1.21.2)
range_0084	pass	[1.21.1,1.21.3]
range_0085	pass	[1.21.1,1.21.8]
range_0086	pass	[1.21.1,1.22)
range_0087	pass	[1.21.1,1.21.1]
range_0088	pass	[1.0.0,)
range_0089	pass	[0,)
range_0090	pass	[1.21-2.3.0,)
range_0091	pass	*
range_0092	pass	[1.21-2.29.0,)
range_0093	pass	[1.21-2.30.0,]
range_0094	pass	[1.21.1-3.0.14,)
range_0095	pass	*
range_0096	pass	[1.21.1-4.1.0.0,)
range_0097	fail	[4.1.0.0,)
range_0098	fail	[4.1.0.8,)
range_0099	pass	[1.21.1-NeoForge-5.1.2,)
range_0100	pass	[1.21.1-NeoForge-5.1.3,)
range_0101	pass	[1.21.1-NeoForge-5.1.4,)
range_0102	pass	[1.21.1-NeoForge-5.1.5,)
range_0103	pass	[1.21.1-NeoForge-5.1.6,)
range_0104	pass	[1.2.0,)
range_0105	pass	[1.3.0,)
range_0106	pass	*
range_0107	pass	[1.2.6,)
range_0108	pass	[1.2.7,)
range_0109	pass	[1.3.0,)
range_0110	pass	[1.3.1,)
range_0111	pass	[1.40.2,)
range_0112	pass	[1.44.0,)
range_0113	pass	1.21.1-1.5.0-neoforge,)
range_0114	pass	[1.2.0,)
range_0115	pass	[1.5.1,)
range_0116	pass	[1.0.2,)
range_0117	fail	(1.6.0,)
range_0118	pass	*
range_0119	pass	[1.62.0,)
range_0120	pass	[1.0,)
range_0121	pass	[1.5,)
range_0122	pass	[1.6.0,)
range_0123	pass	[1.7.7,)
range_0124	pass	[1.7.9,)
range_0125	pass	*
range_0126	pass	[1.6.2,)
range_0127	pass	*
range_0128	pass	[1.8.1,)
range_0129	pass	[1.9.0,)
range_0130	pass	[13.0.8,)
range_0131	pass	[5.12.42,)
range_0132	pass	[15.0.0,)
range_0133	pass	[15.0.127,)
range_0134	pass	*
range_0135	pass	[15.8.0.11,)
range_0136	pass	[19.19.3,)
range_0137	pass	[1.2.0,)
range_0138	pass	[1.2.2,)
range_0139	pass	[2.0.0,3.0.0)
range_0140	pass	[1,)
range_0141	pass	[2.1.0.0,)
range_0142	pass	[2.1.2,)
range_0143	pass	[2.13.37,)
range_0144	pass	[2.2.0,)
range_0145	pass	[2.3.0,)
range_0146	pass	[1.3.0,)
range_0147	pass	*
range_0148	pass	[21.0,)
range_0149	pass	[21.0.8,)
range_0150	pass	[21.0.9,)
range_0151	pass	*
range_0152	pass	21.1.225
range_0153	pass	[*,)
range_0154	pass	[0,)
range_0155	pass	[1,)
range_0156	pass	[20,)
range_0157	pass	[20.2,)
range_0158	pass	[20.2.86,)
range_0159	pass	[20.4,)
range_0160	pass	[20.4.167,)
range_0161	pass	[20.4.72-beta,)
range_0162	pass	[20.5,)
range_0163	pass	[21,)
range_0164	pass	[21.0,)
range_0165	pass	[21.0-beta,)
range_0166	pass	[21.0.0,)
range_0167	pass	[21.0.0-beta,)
range_0168	pass	[21.0.110-beta,21.2.0)
range_0169	pass	[21.0.110-beta,)
range_0170	pass	[21.0.110-beta,21.2.0)
range_0171	pass	[21.0.111-beta,)
range_0172	pass	[21.0.118-beta,)
range_0173	pass	[21.0.133-beta,)
range_0174	pass	[21.0.143,)
range_0175	pass	[21.0.143,)
range_0176	pass	[21.0.20-beta,)
range_0177	pass	[21.0.31-beta,)
range_0178	pass	[21.0.67,)
range_0179	pass	[21.0.76-beta,)
range_0180	pass	[21.0.78-beta,)
range_0181	fail	[21.1,)
range_0182	fail	[21.1.0,)
range_0183	fail	[21.1.1,)
range_0184	fail	[21.1.115,)
range_0185	fail	[21.1.150,)
range_0186	fail	[21.1.162,)
range_0187	fail	[21.1.169,)
range_0188	fail	[21.1.174,)
range_0189	fail	[21.1.176,)
range_0190	fail	[21.1.192,)
range_0191	fail	[21.1.201,)
range_0192	fail	[21.1.206,)
range_0193	fail	[21.1.209,)
range_0194	fail	[21.1.21,)
range_0195	fail	[21.1.218,)
range_0196	fail	[21.1.219,)
range_0197	fail	[21.1.22,)
range_0198	fail	[21.1.226,)
range_0199	fail	[21.1.228,)
range_0200	fail	[21.1.230,)
range_0201	fail	[21.1.233,)
range_0202	fail	[21.1.4,)
range_0203	fail	[21.1.47,)
range_0204	fail	[21.1.57,)
range_0205	fail	[21.1.60,)
range_0206	fail	[21.1.61,)
range_0207	fail	[21.1.66,)
range_0208	fail	[21.1.72,)
range_0209	fail	[21.1.80,)
range_0210	fail	[21.1.82,)
range_0211	fail	[21.1.9,21.2)
range_0212	fail	[21.1.97,)
range_0213	pass	[4,)
range_0214	pass	[21.0,)
range_0215	pass	[21.0.14,)
range_0216	pass	[21.0.16,)
range_0217	pass	*
range_0218	pass	[21.1,21.2)
range_0219	pass	*
range_0220	pass	21.1.225
range_0221	pass	[*,)
range_0222	pass	[0,)
range_0223	pass	[1,)
range_0224	pass	[20,)
range_0225	pass	[20.2,)
range_0226	pass	[20.2.86,)
range_0227	pass	[20.4,)
range_0228	pass	[20.4.167,)
range_0229	pass	[20.4.72-beta,)
range_0230	pass	[20.5,)
range_0231	pass	[21,)
range_0232	pass	[21.0,)
range_0233	pass	[21.0-beta,)
range_0234	pass	[21.0.0,)
range_0235	pass	[21.0.0-beta,)
range_0236	pass	[21.0.110-beta,21.2.0)
range_0237	pass	[21.0.110-beta,)
range_0238	pass	[21.0.110-beta,21.2.0)
range_0239	pass	[21.0.111-beta,)
range_0240	pass	[21.0.118-beta,)
range_0241	pass	[21.0.133-beta,)
range_0242	pass	[21.0.143,)
range_0243	pass	[21.0.143,)
range_0244	pass	[21.0.20-beta,)
range_0245	pass	[21.0.31-beta,)
range_0246	pass	[21.0.67,)
range_0247	pass	[21.0.76-beta,)
range_0248	pass	[21.0.78-beta,)
range_0249	pass	[21.1,)
range_0250	pass	[21.1.0,)
range_0251	pass	[21.1.1,)
range_0252	pass	[21.1.115,)
range_0253	pass	[21.1.150,)
range_0254	pass	[21.1.162,)
range_0255	pass	[21.1.169,)
range_0256	pass	[21.1.174,)
range_0257	pass	[21.1.176,)
range_0258	pass	[21.1.192,)
range_0259	pass	[21.1.201,)
range_0260	pass	[21.1.206,)
range_0261	pass	[21.1.209,)
range_0262	pass	[21.1.21,)
range_0263	pass	[21.1.218,)
range_0264	pass	[21.1.219,)
range_0265	pass	[21.1.22,)
range_0266	pass	[21.1.226,)
range_0267	pass	[21.1.228,)
range_0268	pass	[21.1.230,)
range_0269	pass	[21.1.233,)
range_0270	pass	[21.1.4,)
range_0271	pass	[21.1.47,)
range_0272	pass	[21.1.57,)
range_0273	pass	[21.1.60,)
range_0274	pass	[21.1.61,)
range_0275	pass	[21.1.66,)
range_0276	pass	[21.1.72,)
range_0277	pass	[21.1.80,)
range_0278	pass	[21.1.82,)
range_0279	pass	[21.1.9,21.2)
range_0280	pass	[21.1.97,)
range_0281	pass	[4,)
range_0282	pass	[21.1.15,)
range_0283	pass	[21.1.7,)
range_0284	pass	[21.1,21.2)
range_0285	pass	[26.4.0,)
range_0286	pass	[1.0.0,)
range_0287	pass	[1.1.0,)
range_0288	pass	[3.0.0-alpha.1,)
range_0289	pass	[3.0.0,3.1.0)
range_0290	pass	*
range_0291	pass	[3.0.0,)
range_0292	pass	[3.0.0,)
range_0293	pass	[3.1.1,)
range_0294	pass	*
range_0295	pass	[3.1.5,)
range_0296	pass	*
range_0297	pass	*
range_0298	pass	[1.21-1.4,)
range_0299	pass	*
range_0300	pass	[0,)
range_0301	pass	[1,)
range_0302	pass	[2,)
range_0303	pass	[3,)
range_0304	pass	[4,)
range_0305	pass	[4,500)
range_0306	pass	[4.0.0,)
range_0307	pass	[4.0.0,)
range_0308	pass	*
range_0309	pass	[1.21.1-4.1.0.0,)
range_0310	pass	[4.1.0.0,)
range_0311	pass	[4.1.0.8,)
range_0312	pass	*
range_0313	pass	[0,)
range_0314	pass	[4.5.5,)
range_0315	pass	[4.7,)
range_0316	pass	[4.7.6,)
range_0317	pass	[4.8.9+1.21.1,)
range_0318	pass	[5.3.0,)
range_0319	pass	[5.8,)
range_0320	pass	*
range_0321	pass	[0.6.0.9,)
range_0322	pass	[1.21.1-6.0.2,)
range_0323	pass	[6.0.0,]
range_0324	pass	[6.0.10,)
range_0325	pass	[6.0.10,6.1.0)
range_0326	pass	[6.0.7,)
range_0327	pass	[6.0.7,6.1.0)
range_0328	pass	[6.0.9,7.0.0)
range_0329	pass	[8.25,)
range_0330	pass	[9.2.0,)
